{
  "menu": {
    "category": [
      {
        "id": "1",
        "type": "Lunch",
        "image-url": "lunch-01.png",
        "items": [
          {
            "id": "101",
            "name": "Lasagna Classico",
            "price": "$9.99",
            "preparation": "25",
            "section": "1",
            "image-url": "Lasagna.png"
          },
          {
            "id": "102",
            "name": "Fettuccine Alfredo",
            "price": "$9.99",
            "preparation": "30",
            "section": "1",
            "image-url": "Fettuccine.png"
          },
          {
            "id": "103",
            "name": "Chicken Parmigiana",
            "price": "$7.99",
            "preparation": "16",
            "section": "3",
            "image-url": "Chicken F.png"
          },
          {
            "id": "104",
            "name": "Shrimp Scampi",
            "price": "$9.99",
            "preparation": "22",
            "section": "4",
            "image-url": "shrimp.png"
          },
          {
            "id": "105",
            "name": "Spaghetti",
            "price": "$7.99",
            "preparation": "10",
            "section": "1",
            "image-url": "Spaghetti.png"
          },
          {
            "id": "106",
            "name": "Eggplant Parmigiana",
            "price": "$7.99",
            "preparation": "16",
            "section": "1",
            "image-url": "Eggplant.png"
          },
          {
            "id": "107",
            "name": "Spaghetti & Meatballs",
            "price": "$8.99",
            "preparation": "28",
            "section": "1",
            "image-url": "Meatballs.png"
          },
          {
            "id": "108",
            "name": "Cheese Ravioli",
            "price": "$8.99",
            "preparation": "18",
            "section": "1",
            "image-url": "Cheese.png"
          },
          {
            "id": "109",
            "name": "Ziti Al Forno",
            "price": "$8.99",
            "preparation": "17",
            "section": "1",
            "image-url": "Ziti al Forno.png"
          },
          {
            "id": "110",
            "name": "Soup & Breadstick",
            "price": "$7.99",
            "preparation": "12",
            "section": "2",
            "image-url": "Soup & Breadstick.png"
          }
        ]
      },
      {
        "id": "2",
        "type": "Appetizers",
        "image-url": "appt-01-01.png",
        "items": [
          {
            "id": "201",
            "name": "Fried Mozzarella",
            "price": "$7.29",
            "preparation": "10",
            "section": "5",
            "image-url": "Fried Mozzarella.png"
          },
          {
            "id": "202",
            "name": "Stuffed Ziti Fritta",
            "price": "$7.49",
            "preparation": "15",
            "section": "5",
            "image-url": "Stuffed Ziti Fritta.png"
          },
          {
            "id": "204",
            "name": "Spinach-Artichoke Dip",
            "price": "$9.79",
            "preparation": "14",
            "section": "5",
            "image-url": "Spinach-Artichoke Dip.png"
          },
          {
            "id": "205",
            "name": "Lasagna Fritta",
            "price": "$9.99",
            "preparation": "20",
            "section": "5",
            "image-url": "Lasagna Fritta.png"
          },
          {
            "id": "206",
            "name": "Toasted Ravioli",
            "price": "$8.49",
            "preparation": "15",
            "section": "1",
            "image-url": "Toasted Ravioli.png"
          },
          {
            "id": "207",
            "name": "Shrimp Scampi",
            "price": "$10.49",
            "preparation": "10",
            "section": "4",
            "image-url": "Shrimp Scampi.png"
          },
          {
            "id": "208",
            "name": "Pan-Fried Calamari",
            "price": "$20",
            "preparation": "15",
            "section": "4",
            "image-url": "Pan-Fried Calamari.png"
          },
          {
            "id": "209",
            "name": "Chicken Nachos",
            "price": "$13.79",
            "preparation": "18",
            "section": "3",
            "image-url": "Chicken Nachos.png"
          },
          {
            "id": "210",
            "name": "Lobster Cakes",
            "price": "$22",
            "preparation": "19",
            "section": "4",
            "image-url": "Lobster Cakes.png"
          }
        ]
      },
      {
        "id": "3",
        "type": "Non-Alcoholic Beverages",
        "image-url": "non_alc-01.png",
        "items": [
          {
            "id": "301",
            "name": "Cappuccino",
            "price": "$4.19",
            "preparation": "8",
            "section": "6",
            "image-url": "Cappuccino.png"
          },
          {
            "id": "302",
            "name": "2-Liter Soda",
            "price": "$4.29",
            "preparation": "8",
            "section": "6",
            "image-url": "mango_ice_tea-01-01-01.png"
          },
          {
            "id": "304",
            "name": "Raspberry Lemonade",
            "price": "$3.19",
            "preparation": "12",
            "section": "6",
            "image-url": "ras_lem_tea-01.png"
          },
          {
            "id": "305",
            "name": "Hot Chocolate",
            "price": "$2.99",
            "preparation": "12",
            "section": "6",
            "image-url": "hot_choc_milk-01-01.png"
          },
          {
            "id": "306",
            "name": "Raspberry Iced Tea",
            "price": "$3.19",
            "preparation": "15",
            "section": "6",
            "image-url": "ras_ice_tea-01-01-01-01.png"
          },
          {
            "id": "307",
            "name": "Coffee",
            "price": "$2.99",
            "preparation": "8",
            "section": "6",
            "image-url": "Coffee.png"
          },
          {
            "id": "308",
            "name": "Iced Tea",
            "price": "$2.99",
            "preparation": "15",
            "section": "6",
            "image-url": "ice_tea-01.png"
          },
          {
            "id": "309",
            "name": "Soft Drinks",
            "price": "$4.19",
            "preparation": "1",
            "section": "6",
            "image-url": "juice_re-01-01.png"
          },
          {
            "id": "310",
            "name": "Ultimate Pineapple",
            "price": "$8.99",
            "preparation": "16",
            "section": "6",
            "image-url": "juice-01.png"
          },
          {
            "id": "311",
            "name": "Strawberry Lemonade",
            "price": "$3.99",
            "preparation": "15",
            "section": "6",
            "image-url": "FreshBrewedIcedTea.png"
          },
          {
            "id": "312",
            "name": "Raspberry Breeze",
            "price": "$3.99",
            "preparation": "7",
            "section": "6",
            "image-url": "Raspberry.png"
          }
        ]
      },
      {
        "id": "4",
        "type": "Kids Meal",
        "image-url": "kids-01.png",
        "items": [
          {
            "id": "402",
            "name": "Pizza",
            "price": "$5.99",
            "preparation": "15",
            "section": "7",
            "image-url": "Pizza.png"
          },
          {
            "id": "403",
            "name": "Chicken Fingers",
            "price": "$5.99",
            "preparation": "14",
            "section": "3",
            "image-url": "Chicken Fingers.png"
          },
          {
            "id": "404",
            "name": "Macaroni & Cheese",
            "price": "$5.99",
            "preparation": "13",
            "section": "1",
            "image-url": "Macaroni & Cheese.png"
          },
          
          {
            "id": "405",
            "name": "Five Cheese Marinara",
            "price": "$5.99",
            "preparation": "24",
            "section": "1",
            "image-url": "Five Cheese Marinara.png"
          },
          {
            "id": "406",
            "name": "Cheese Ravioli",
            "price": "$5.99",
            "preparation": "18",
            "section": "1",
            "image-url": "Cheese Ravioli.png"
          },
          {
            "id": "407",
            "name": "Grilled Chicken",
            "price": "$6.99",
            "preparation": "29",
            "section": "9",
            "image-url": "Grilled Chicken.png"
          },
          {
            "id": "408",
            "name": "Rotini With Marinara",
            "price": "$5.99",
            "preparation": "15",
            "section": "1",
            "image-url": "Rotini with Marinara.png"
          }
        ]
      },
      {
        "id": "5",
        "type": "Wine",
        "image-url": "wine-01.png",
        "items": [
          {
            "id": "501",
            "name": "Votre Santé, CA '18 ",
            "price": "$40",
            "preparation": "2",
            "section": "8",
            "image-url": "Votre.png"
          },
          {
            "id": "502",
            "name": "Merlot",
            "price": "$50",
            "preparation": "2",
            "section": "8",
            "image-url": "Merlot.png"
          },
          {
            "id": "503",
            "name": "Pinot Grigio",
            "price": "$54",
            "preparation": "2",
            "section": "8",
            "image-url": "Pinot.png"
          },
          {
            "id": "504",
            "name": "Sauvignon Blanc",
            "price": "$58",
            "preparation": "2",
            "section": "8",
            "image-url": "Sauvignon.png"
          },
          {
            "id": "505",
            "name": "Meiomi, CA '19",
            "price": "$66",
            "preparation": "2",
            "section": "8",
            "image-url": "Meiomi.png"
          }
        ]
      },
      {
        "id": "6",
        "type": "Dinner",
        "image-url": "appt-01-01.png",
        "items": [
          {
            "id": "601",
            "name": "Fresh Mozzarella",
            "price": "$11",
            "preparation": "18",
            "section": "3",
            "image-url": "Fresh.png"
          },
          {
            "id": "602",
            "name": "Gnocchi Soup",
            "price": "$17",
            "preparation": "15",
            "section": "2",
            "image-url": "Gnocchi.png"
          },
          {
            "id": "603", 
            "name": "Shrimp And Grits",
            "price": "$22",
            "preparation": "23",
            "section": "9",
            "image-url": "ShrimpGrites.png"
          },

          {
            "id": "604",
            "name": "Truffled Risotto",
            "price": "$8.50",
            "preparation": "15",
            "section": "2",
            "image-url": "Truffled.png"
          }
        ]
      },
      {
        "id": "7",
        "type": "Dessert",
        "image-url": "beers-01.png",
        "items": [
          {
            "id": "701",
            "name": "Coconut Cream Pie",
            "price": "$4",
            "preparation": "13",
            "section": "10",
            "image-url": "Coconut.png"
          },
          {
            "id": "702",
            "name": "Chocolate Mousse",
            "price": "$8.29",
            "preparation": "20",
            "section": "10",
            "image-url": "Chocolate.png"
          },
          {
            "id": "703",
            "name": "Brownie Lasagna",
            "price": "$7.99",
            "preparation": "28",
            "section": "10",
            "image-url": "Brownie.png"
          },
          {
            "id": "704",
            "name": "Italian Doughnut",
            "price": "$9",
            "preparation": "16",
            "section": "10",
            "image-url": "Italian.png"
          },
          {
            "id": "705",
            "name": "Dolcini",
            "price": "$2.99",
            "preparation": "12",
            "section": "10",
            "image-url": "Dolcini.png"
          }
        ]
      }
    ]
  }
}
