[
    {
        "table": 1,
        "seat": 4
    },
    {
        "table": 2,
        "seat": 4
    },
    {
        "table": 3,
        "seat": 4
    },
    {
        "table": 4,
        "seat": 8
    },
    {
        "table": 5,
        "seat": 16
    },
    {
        "table": 6,
        "seat": 2
    },
    {
        "table": 7,
        "seat": 4
    },
    {
        "table": 8,
        "seat": 4
    },
    {
        "table": 9,
        "seat": 16
    },
    {
        "table": 10,
        "seat": 4
    },
    {
        "table": 11,
        "seat": 2
    },
    {
        "table": 12,
        "seat": 2
    },
    {
        "table": 13,
        "seat": 4
    },
    {
        "table": 14,
        "seat": 4
    },
    {
        "table": 15,
        "seat": 6
    }
]